year,month,revenue,volume
2020,10,-232962708.93134537,31
2020,11,-2601053220.93882,30
2020,12,-14771251856.49065,31
2021,1,-87812976.04936755,31
2021,2,-52954482.80865448,28
2021,3,-1916021172.4656267,31
2021,4,-1882401778.4129462,30
2021,5,-314421989.7080596,31
2021,6,-528566996.5100019,30
2021,7,-15117659.997659815,31
2021,8,-3551842.8279000157,31
2021,9,-152300957.73764795,30
