year,month,revenue,volume
2021,8,-3551842.827900019,1049
2021,7,-15117659.997659883,1487
2021,2,-52954482.80865526,2440
